_id,nombre,email,ubicacion,fechaRegistro,edad,genero
67f9f88d7f0966e5e809495d,Albano Llopis Hierro,emiliocalatayud@example.net,"{'type': 'Point', 'coordinates': [112.79143, -66.662536]}",2023-02-12T10:53:56.407000,58,masculino
67f9f88d7f0966e5e809495e,Albino Bueno Gil,anselmaamor@example.net,"{'type': 'Point', 'coordinates': [-73.249851, 84.4520245]}",2023-09-14T03:16:08.747000,19,femenino
67f9f88d7f0966e5e809495f,Constanza Sanchez Lobo,cuervojose@example.com,"{'type': 'Point', 'coordinates': [2.670606, -15.4094795]}",2020-10-26T18:14:59.466000,33,masculino
67f9f88d7f0966e5e8094960,Aroa Bru Pinto,palomarrebeca@example.com,"{'type': 'Point', 'coordinates': [144.122944, -18.993222]}",2024-04-05T02:55:58.756000,26,masculino
67f9f88d7f0966e5e8094961,Lupe Casanovas Pinedo,marcospaula@example.net,"{'type': 'Point', 'coordinates': [152.065263, 7.075663]}",2023-01-18T02:52:34.236000,61,masculino
67f9f88d7f0966e5e8094962,Alonso Goñi Mancebo,guerreroroxana@example.org,"{'type': 'Point', 'coordinates': [24.078714, -15.3820285]}",2022-05-24T03:55:01.186000,55,femenino
67f9f88d7f0966e5e8094963,Candelas Pellicer Padilla,herminialasa@example.net,"{'type': 'Point', 'coordinates': [167.911349, -70.833035]}",2023-03-20T09:19:39.592000,20,masculino
67f9f88d7f0966e5e8094964,Juanito Hierro Cárdenas,rpino@example.net,"{'type': 'Point', 'coordinates': [119.010119, -31.047502]}",2023-08-12T22:02:27.694000,23,masculino
67f9f88d7f0966e5e8094965,Darío Antón Moles,eleal@example.org,"{'type': 'Point', 'coordinates': [124.502471, -5.529299]}",2021-02-13T22:31:19.283000,32,masculino
67f9f88d7f0966e5e8094966,Gertrudis Segarra Clavero,emilio38@example.net,"{'type': 'Point', 'coordinates': [-38.941673, 66.9236075]}",2022-04-06T00:13:16.371000,53,masculino
67f9f88d7f0966e5e8094967,Gloria Paredes-Gimenez,araceliuriarte@example.org,"{'type': 'Point', 'coordinates': [-154.70459, -60.566285]}",2020-10-21T16:10:39.435000,63,femenino
67f9f88d7f0966e5e8094968,Ruy Roca Bartolomé,mpizarro@example.com,"{'type': 'Point', 'coordinates': [104.066101, -22.5115375]}",2025-02-15T05:07:45.614000,32,femenino
67f9f88d7f0966e5e8094969,Noé Carbó Lasa,dani46@example.org,"{'type': 'Point', 'coordinates': [63.59106, -89.1288425]}",2025-01-12T22:22:19.483000,55,femenino
67f9f88d7f0966e5e809496a,Josué Escalona-Vera,martinprudencia@example.net,"{'type': 'Point', 'coordinates': [92.549434, 73.469196]}",2021-01-18T11:53:22.862000,69,masculino
67f9f88d7f0966e5e809496b,Rafaela Cuéllar Abascal,amaya01@example.com,"{'type': 'Point', 'coordinates': [-14.904609, -25.722509]}",2020-04-21T16:16:37.041000,66,masculino
67f9f88d7f0966e5e809496c,Ani Boada-Torre,casaseduardo@example.net,"{'type': 'Point', 'coordinates': [75.165283, 57.586779]}",2020-11-14T08:39:03.702000,62,femenino
67f9f88d7f0966e5e809496d,Trini Rocha,ursulafont@example.net,"{'type': 'Point', 'coordinates': [-12.648589, 17.1036795]}",2025-04-02T14:55:35.670000,39,femenino
67f9f88d7f0966e5e809496e,Isabel Villar Sanmiguel,huguetjafet@example.org,"{'type': 'Point', 'coordinates': [1.508307, -84.3536585]}",2023-02-08T05:51:06.684000,27,masculino
67f9f88d7f0966e5e809496f,Macario de Aguilar,barraljenaro@example.org,"{'type': 'Point', 'coordinates': [-163.135297, -1.3012765]}",2020-05-16T14:40:00.591000,66,femenino
67f9f88d7f0966e5e8094970,Emilio del Gargallo,loretosuarez@example.org,"{'type': 'Point', 'coordinates': [73.925412, 19.269327]}",2021-01-02T02:31:41.070000,24,masculino
67f9f88d7f0966e5e8094971,Narciso Rosa Pablo,dreig@example.net,"{'type': 'Point', 'coordinates': [-150.917068, 85.4106205]}",2025-03-12T10:40:30.347000,42,masculino
67f9f88d7f0966e5e8094972,Américo Quevedo Nicolau,ibarragregorio@example.org,"{'type': 'Point', 'coordinates': [107.91622, 30.4237835]}",2020-09-27T06:25:38.232000,40,femenino
67f9f88d7f0966e5e8094973,Emilio Sevillano Iborra,salazarnuria@example.net,"{'type': 'Point', 'coordinates': [-127.435652, -76.4202985]}",2023-06-11T07:38:21.531000,56,femenino
67f9f88d7f0966e5e8094974,Socorro de Bueno,flavioramos@example.com,"{'type': 'Point', 'coordinates': [78.427335, -32.622648]}",2024-07-25T00:33:37.671000,69,masculino
67f9f88d7f0966e5e8094975,Celestino Pinilla Abril,ylara@example.com,"{'type': 'Point', 'coordinates': [-26.857986, 23.5502065]}",2023-09-05T00:14:41.796000,64,femenino
67f9f88d7f0966e5e8094976,Nadia del Cortina,manugelabert@example.org,"{'type': 'Point', 'coordinates': [130.945048, 55.544417]}",2020-04-27T12:35:25.787000,52,masculino
67f9f88d7f0966e5e8094977,Amparo Ayllón Tapia,baudelioverdejo@example.org,"{'type': 'Point', 'coordinates': [-80.235982, -71.6064455]}",2023-02-21T05:05:27.820000,42,masculino
67f9f88d7f0966e5e8094978,Heriberto de Hoz,bilbaosimon@example.net,"{'type': 'Point', 'coordinates': [133.356673, 61.726947]}",2022-10-04T21:52:25.560000,53,femenino
67f9f88d7f0966e5e8094979,Cristian Miralles-Gómez,ruy24@example.com,"{'type': 'Point', 'coordinates': [-10.253663, -70.526856]}",2020-01-18T23:02:20.311000,58,femenino
67f9f88d7f0966e5e809497a,Marcela Armida Beltrán Garcés,eligio51@example.org,"{'type': 'Point', 'coordinates': [18.388346, -13.499279]}",2020-10-31T03:09:44.786000,54,masculino
67f9f88d7f0966e5e809497b,Ofelia del Ángel,marigracia@example.org,"{'type': 'Point', 'coordinates': [-107.903007, -19.0079695]}",2020-08-10T13:02:34.822000,63,masculino
67f9f88d7f0966e5e809497c,Ramiro Cortés Lladó,elodia35@example.org,"{'type': 'Point', 'coordinates': [160.503909, -19.137362]}",2022-09-01T09:58:14.851000,20,masculino
67f9f88d7f0966e5e809497d,Víctor Azcona-Bru,clloret@example.org,"{'type': 'Point', 'coordinates': [-0.923198, -54.883366]}",2023-05-13T08:06:37.461000,67,femenino
67f9f88d7f0966e5e809497e,Cecilio Sala-Roma,caparroscarlos@example.net,"{'type': 'Point', 'coordinates': [-99.977089, 56.4557795]}",2020-03-10T11:04:17.028000,23,masculino
67f9f88d7f0966e5e809497f,Marisela Colomer Ropero,arielmendez@example.com,"{'type': 'Point', 'coordinates': [-158.581604, 6.048684]}",2021-02-09T00:31:47.132000,24,femenino
67f9f88d7f0966e5e8094980,Nazario de Otero,pcortes@example.org,"{'type': 'Point', 'coordinates': [-84.945734, 20.6744385]}",2020-02-17T18:53:56.343000,35,femenino
67f9f88d7f0966e5e8094981,Ricarda Requena Hurtado,feliciano16@example.org,"{'type': 'Point', 'coordinates': [72.69978, -30.290904]}",2021-01-19T18:30:31.532000,58,femenino
67f9f88d7f0966e5e8094982,Felicia Mayoral Goñi,amadoferrando@example.com,"{'type': 'Point', 'coordinates': [-3.765707, -15.2130615]}",2024-07-24T10:47:49.027000,28,femenino
67f9f88d7f0966e5e8094983,Gabino Vergara-Pulido,amaro14@example.org,"{'type': 'Point', 'coordinates': [131.701739, -18.739416]}",2020-03-14T18:12:46.906000,40,masculino
67f9f88d7f0966e5e8094984,Irma Fabiola Mir Rubio,plazatrinidad@example.net,"{'type': 'Point', 'coordinates': [-77.952235, -21.6234475]}",2020-03-26T13:49:33.007000,60,femenino
67f9f88d7f0966e5e8094985,Abigaíl Vizcaíno Figueras,tomas15@example.net,"{'type': 'Point', 'coordinates': [-11.467824, 88.076718]}",2024-06-22T22:49:51.181000,62,masculino
67f9f88d7f0966e5e8094986,José Luis Fabián Real Morera,jmarques@example.org,"{'type': 'Point', 'coordinates': [-77.006634, 22.8627035]}",2023-07-05T23:11:51.132000,56,masculino
67f9f88d7f0966e5e8094987,Nicolasa Dávila Mascaró,tabad@example.com,"{'type': 'Point', 'coordinates': [-67.159032, 25.3972205]}",2024-02-23T22:08:21.844000,52,masculino
67f9f88d7f0966e5e8094988,Morena Estrella Sola Sala,ggarcia@example.com,"{'type': 'Point', 'coordinates': [-88.897628, 86.8589015]}",2020-06-12T11:36:21.118000,28,femenino
67f9f88d7f0966e5e8094989,Narcisa Naranjo,gutierrezhortensia@example.com,"{'type': 'Point', 'coordinates': [-59.396961, -36.5464655]}",2020-10-11T02:16:12.275000,42,femenino
67f9f88d7f0966e5e809498a,Donato Talavera Beltran,oribas@example.net,"{'type': 'Point', 'coordinates': [-75.613379, 13.073435]}",2022-08-11T03:30:36.513000,58,masculino
67f9f88d7f0966e5e809498b,Candelario de Campillo,lgilabert@example.net,"{'type': 'Point', 'coordinates': [98.07645, 34.701661]}",2020-04-06T19:40:24.978000,61,femenino
67f9f88d7f0966e5e809498c,Álvaro de Sastre,nicolasasobrino@example.net,"{'type': 'Point', 'coordinates': [105.149257, 60.0353655]}",2023-02-22T00:23:45.721000,67,masculino
67f9f88d7f0966e5e809498d,María José Vargas Roldan,vcuenca@example.com,"{'type': 'Point', 'coordinates': [61.629363, -20.4237985]}",2023-12-20T09:44:37.410000,32,masculino
67f9f88d7f0966e5e809498e,Rodolfo Vázquez-Tormo,leonardosabater@example.org,"{'type': 'Point', 'coordinates': [-26.600866, -27.053609]}",2021-06-07T20:37:51.361000,69,femenino
67f9f88d7f0966e5e809498f,Virginia Berrocal Chacón,jeronimopinol@example.net,"{'type': 'Point', 'coordinates': [-97.9633, -32.5674615]}",2020-05-03T19:57:25.475000,43,femenino
67f9f88d7f0966e5e8094990,Eusebia Solano Ricart,gabaldonpepita@example.com,"{'type': 'Point', 'coordinates': [29.098769, 66.787623]}",2024-12-28T23:35:19.551000,22,masculino
67f9f88d7f0966e5e8094991,Tiburcio Pintor Tapia,ortizmarc@example.com,"{'type': 'Point', 'coordinates': [44.960337, 54.4774825]}",2023-12-12T04:34:33.487000,54,femenino
67f9f88d7f0966e5e8094992,Rosalía de Torrents,leandroruano@example.com,"{'type': 'Point', 'coordinates': [-164.417417, 14.3830605]}",2021-10-10T01:10:31.169000,31,femenino
67f9f88d7f0966e5e8094993,Paloma Dalmau Solsona,estheramores@example.com,"{'type': 'Point', 'coordinates': [137.770015, 61.502819]}",2023-07-02T05:54:31.377000,43,femenino
